<?xml version="1.0" encoding="UTF-8" ?>
<rss version="2.0">
<channel>
    <title>{{ title }}</title>
    <link>{{ link }}</link>
    <description>{{ description }}</description>
    <lastBuildDate>{{ lastBuildDate }}</lastBuildDate>

    {% for item in items %}
    <item>
        <title>{{ item.title }}</title>
        <link>{{ item.link }}</link>
        <description>{{ item.description }}</description>
        <pubDate>{{ item.pubDate }}</pubDate>
    </item>
    {% endfor %}
</channel>
</rss>
